Reference, Value, Footprint, Datasheet, Mouser Nr
"J103","Conn_01x03","Connector_PinHeader_2.54mm:PinHeader_1x03_P2.54mm_Vertical","~","~"
"J101","Conn_01x03","Connector_PinHeader_2.54mm:PinHeader_1x03_P2.54mm_Vertical","~","~"
"J102","Conn_01x03","Connector_PinHeader_2.54mm:PinHeader_1x03_P2.54mm_Vertical","~","~"
"J104","Conn_01x03","Connector_PinHeader_2.54mm:PinHeader_1x03_P2.54mm_Vertical","~","~"
"D101","5V","Diode_SMD:D_SOD-128","~","771-PTVS5V0P1UP115"
"C202","1u","Capacitor_SMD:C_0805_2012Metric","~","963-UMF212B7105KGHT"
"C203","1u","Capacitor_SMD:C_0805_2012Metric","~","963-UMF212B7105KGHT"
"U201","MCP1703A-3302_SOT89","Package_TO_SOT_SMD:SOT-89-3","http://ww1.microchip.com/downloads/en/DeviceDoc/20005122B.pdf","579-MCP1703AT3302EMB"
"C201","4.7u","Capacitor_SMD:C_0805_2012Metric","~","963-EMF212AB7475KGHT"
"D201","D_Schottky","bbcar_stw_adc:D_SOD-123W","https://assets.nexperia.com/documents/data-sheet/PMEG3010ER.pdf","771-PMEG3010ER115"
"J301","Conn_02x13_Odd_Even","Connector_PinHeader_2.54mm:PinHeader_2x13_P2.54mm_Vertical","~","~"
"C401","0.1u","Capacitor_SMD:C_0603_1608Metric","~","963-HMK107B7104KAHT"
"C402","10u","Capacitor_SMD:C_0603_1608Metric","~","963-LMK107BBJ106MAHT"
"R401","10k","Resistor_SMD:R_0603_1608Metric","~","667-ERJ-3GEYJ103V"
"U401","ESP32-WROOM-32","RF_Module:ESP32-WROOM-32","https://www.espressif.com/sites/default/files/documentation/esp32-wroom-32_datasheet_en.pdf","~"
"J401","Conn_01x05","Connector_PinHeader_2.54mm:PinHeader_1x05_P2.54mm_Vertical","~","~"
"R402","1k","Resistor_SMD:R_0603_1608Metric","~","667-ERJ-3GEYJ102V"
"J403","Conn_01x11","Connector_PinHeader_2.54mm:PinHeader_1x11_P2.54mm_Vertical","~","~"
"J402","Conn_01x05","Connector_PinHeader_2.54mm:PinHeader_1x05_P2.54mm_Vertical","~","~"
"U501","STM32G431KBUx","Package_DFN_QFN:QFN-32-1EP_5x5mm_P0.5mm_EP3.45x3.45mm","","511-STM32G431KBU6"
"J504","Tag-Connect_2050","Connector:Tag-Connect_TC2050-IDC-NL_2x05_P1.27mm_Vertical","~","~"
"R505","1k","Resistor_SMD:R_0603_1608Metric","~","667-ERJ-3GEYJ102V"
"R501","10k","Resistor_SMD:R_0603_1608Metric","~","667-ERJ-3GEYJ103V"
"R503","1k","Resistor_SMD:R_0603_1608Metric","~","667-ERJ-3GEYJ102V"
"R506","1k","Resistor_SMD:R_0603_1608Metric","~","667-ERJ-3GEYJ102V"
"C501","4.7u","Capacitor_SMD:C_0805_2012Metric","~","963-EMF212AB7475KGHT"
"C502","0.1u","Capacitor_SMD:C_0603_1608Metric","~","963-HMK107B7104KAHT"
"C503","0.1u","Capacitor_SMD:C_0603_1608Metric","~","963-HMK107B7104KAHT"
"C506","10n","Capacitor_SMD:C_0603_1608Metric","~","963-UMK107B7103KAHT"
"C504","1u","Capacitor_SMD:C_0805_2012Metric","~","963-UMF212B7105KGHT"
"C505","0.1u","Capacitor_SMD:C_0603_1608Metric","~","963-HMK107B7104KAHT"
"J503","Conn_01x06","Connector_PinHeader_2.54mm:PinHeader_1x06_P2.54mm_Vertical","~","~"
"R502","1k","Resistor_SMD:R_0603_1608Metric","~","667-ERJ-3GEYJ102V"
"R504","1k","Resistor_SMD:R_0603_1608Metric","~","667-ERJ-3GEYJ102V"
"J502","Conn_01x12","Connector_PinHeader_2.54mm:PinHeader_1x12_P2.54mm_Vertical","~","~"
"J501","Conn_01x12","Connector_PinHeader_2.54mm:PinHeader_1x12_P2.54mm_Vertical","~","~"
"Y601","Crystal_GND24","bbcar_stw_adc:Crystal_SMD_Abracon_ABMM2-4Pin_6.0x3.6mm","~","815-ABMM2-8-E2T"
"C602","18p","Capacitor_SMD:C_0603_1608Metric","~","80-C0603C180J5GAUTO"
"C601","18p","Capacitor_SMD:C_0603_1608Metric","~","80-C0603C180J5GAUTO"
"J702","Conn_01x03","Connector_PinHeader_2.54mm:PinHeader_1x03_P2.54mm_Vertical","~","~"
"J701","Conn_01x03","Connector_PinHeader_2.54mm:PinHeader_1x03_P2.54mm_Vertical","~","~"
"D701","3.3V","Diode_SMD:D_0603_1608Metric","~","771-PESD3V3Y1BSFYL"
"D702","3.3V","Diode_SMD:D_0603_1608Metric","~","771-PESD3V3Y1BSFYL"
"C701","1u","Capacitor_SMD:C_0805_2012Metric","~","963-UMF212B7105KGHT"
"C702","1u","Capacitor_SMD:C_0805_2012Metric","~","963-UMF212B7105KGHT"
"R701","47k","Resistor_SMD:R_0603_1608Metric","~","667-ERJ-3EKF4702V"
"R702","47k","Resistor_SMD:R_0603_1608Metric","~","667-ERJ-3EKF4702V"
"U801","MCP2542FDxMF","Package_DFN_QFN:DFN-8-1EP_3x3mm_P0.65mm_EP1.55x2.4mm","http://ww1.microchip.com/downloads/en/DeviceDoc/MCP2542FD-4FD-MCP2542WFD-4WFD-Data-Sheet20005514B.pdf","579-MCP2542FD-E/MF"
"R801","10k","Resistor_SMD:R_0603_1608Metric","~","667-ERJ-3GEYJ103V"
"R804","60.4R","Resistor_SMD:R_0603_1608Metric","~","603-RC0603FR-0760R4L"
"R805","60.4R","Resistor_SMD:R_0603_1608Metric","~","603-RC0603FR-0760R4L"
"R802","10k","Resistor_SMD:R_0603_1608Metric","~","667-ERJ-3GEYJ103V"
"R803","10k","Resistor_SMD:R_0603_1608Metric","~","667-ERJ-3GEYJ103V"
"D801","ESDCAN05-2BWY","Package_TO_SOT_SMD:SOT-323_SC-70","","511-ESDCAN05-2BWY"
"C803","0.1u","Capacitor_SMD:C_0603_1608Metric","~","963-HMK107B7104KAHT"
"C801","0.1u","Capacitor_SMD:C_0603_1608Metric","~","963-HMK107B7104KAHT"
"C802","0.1u","Capacitor_SMD:C_0603_1608Metric","~","963-HMK107B7104KAHT"
"J801","Conn_01x05","Connector_PinHeader_2.54mm:PinHeader_1x05_P2.54mm_Vertical","~","~"
"R806","1M","Resistor_SMD:R_0603_1608Metric","~","667-ERJ-PA3J105V"
"C804","4.7n","Capacitor_SMD:C_0805_2012Metric","~","963-QMK212B7472KGHT"
